Número,Nome,Estrelas,Idade (anos),PRs Aprovados,Releases,Dias sem Update,Linguagem Primária,Razão de Issues Fechadas
1,freeCodeCamp/freeCodeCamp,362276,8.18,19281,0,0,TypeScript,0.99
2,EbookFoundation/free-programming-books,269266,9.39,5590,0,0,Unkutcnown,0.97
3,996icu/996.ICU,265192,3.93,1063,0,0,Unkutcnown,0
4,jwasham/coding-interview-university,250060,6.73,359,0,0,Unkutcnown,0.89
5,sindresorhus/awesome,241028,8.64,607,0,0,Unkutcnown,0.93
6,kamranahmedse/developer-roadmap,231493,5.96,1454,1,0,Astro,0.84
7,public-apis/public-apis,229616,6.95,1871,0,0,Python,0.94
8,donnemartin/system-design-primer,212707,6.01,195,0,0,Python,0.29
9,facebook/react,203090,9.77,8821,99,0,JavaScript,0.92
10,vuejs/vue,202563,9.59,1118,245,0,TypeScript,0.96
11,codecrafters-io/build-your-own-x,191639,4.81,112,0,0,Unkutcnown,0.7
12,tensorflow/tensorflow,171710,7.31,15748,185,0,C++,0.94
13,getify/You-Dont-Know-JS,165379,9.29,356,0,0,Unkutcnown,0.91
14,trekhleb/javascript-algorithms,163997,4.94,280,0,0,JavaScript,0.65
15,twbs/bootstrap,162115,11.59,8176,83,0,JavaScript,0.99
16,CyC2018/CS-Notes,162012,5.04,375,0,0,Unkutcnown,0.79
17,vinta/awesome-python,158548,8.68,530,0,0,Python,0.96
18,ohmyzsh/ohmyzsh,155926,13.51,2841,0,0,Shell,0.95
19,TheAlgorithms/Python,154378,6.62,2153,0,0,Python,0.99
20,flutter/flutter,150749,7.99,29813,0,0,Dart,0.86
21,torvalds/linux,147125,11.49,9,0,0,C,0
22,github/gitignore,144890,12.31,1523,0,0,Unkutcnown,0
23,microsoft/vscode,143135,7.49,15462,92,0,TypeScript,0.96
24,ossu/computer-science,135754,8.83,236,0,0,Unkutcnown,0.98
25,airbnb/javascript,131874,10.33,792,0,0,JavaScript,0.92
26,Snailclimb/JavaGuide,131416,4.82,773,0,0,Java,0.92
27,jlevy/the-art-of-command-line,131360,7.78,312,0,0,Unkutcnown,0.56
28,jackfrued/Python-100-Days,131332,5.0,12,0,0,Python,0.17
29,awesome-selfhosted/awesome-selfhosted,121699,7.75,2101,0,0,Makefile,0.93
30,ytdl-org/youtube-dl,118217,12.33,1601,341,0,Python,0.85
31,labuladong/fucking-algorithm,114285,3.03,210,1,0,Markdown,0.85
32,golang/go,108973,8.53,1,0,0,Go,0.86
33,30-seconds/30-seconds-of-code,108197,5.25,754,4,0,JavaScript,1.0
34,facebook/react-native,107940,8.14,659,241,0,JavaScript,0.92
35,electron/electron,106124,9.88,16557,1000,0,C++,0.95
36,d3/d3,104518,12.42,439,190,0,JavaScript,1.0
37,vercel/next.js,101675,6.4,11624,1000,0,JavaScript,0.92
38,justjavac/free-programming-books-zh_CN,100174,9.32,280,3,0,Unkutcnown,0
39,axios/axios,99005,8.53,728,57,0,JavaScript,0.92
40,facebook/create-react-app,98997,6.62,1942,83,0,JavaScript,0.81
41,avelino/awesome-go,97294,8.65,2913,0,0,Go,0.95
42,kubernetes/kubernetes,96286,8.73,54216,586,0,Go,0.96
43,nodejs/node,93661,8.26,5761,333,0,JavaScript,0.92
44,practical-tutorials/project-based-learning,93079,5.88,179,0,0,Unkutcnown,0.64
45,trimstray/the-book-of-secret-knowledge,91086,4.69,122,0,0,Unkutcnown,0
46,mrdoob/three.js,89460,12.94,10534,142,0,JavaScript,0.97
47,microsoft/TypeScript,88908,8.7,12680,168,0,TypeScript,0.84
48,denoland/deno,88211,4.79,7801,215,0,Rust,0.85
49,microsoft/terminal,87778,5.55,3051,89,0,C++,0.86
50,microsoft/PowerToys,87256,3.83,3809,76,0,C#,0.78
51,yangshun/tech-interview-handbook,86993,6.65,429,0,0,TypeScript,0.78
52,goldbergyoni/nodebestpractices,86798,5.46,745,0,0,JavaScript,0.93
53,angular/angular,86669,8.45,3322,249,0,TypeScript,0.95
54,mui/material-ui,84917,8.53,15051,397,0,JavaScript,0.93
55,ant-design/ant-design,84607,7.85,10579,563,0,TypeScript,0.97
56,huggingface/transformers,83109,4.34,8716,108,0,Python,0.96
57,puppeteer/puppeteer,82114,5.81,2995,176,0,TypeScript,0.96
58,PanJiaChen/vue-element-admin,80969,5.87,313,49,0,Vue,0.67
59,ryanmcdermott/clean-code-javascript,80162,6.26,149,0,0,JavaScript,0.6
60,iluwatar/java-design-patterns,80070,8.56,1068,0,0,Java,0.78
61,rust-lang/rust,78386,12.71,46047,108,0,Rust,0.81
62,Genymobile/scrcpy,77351,5.27,64,29,0,C,0.64
63,animate-css/animate.css,77175,11.38,313,22,0,CSS,0.97
64,storybookjs/storybook,77081,6.95,7876,1000,0,TypeScript,0.81
65,nvbn/thefuck,76024,7.9,478,17,0,Python,0.68
66,tensorflow/models,75298,7.07,2293,29,0,Jupyter Notebook,0.85
67,gothinkster/realworld,72770,7.01,313,0,0,TypeScript,0.9
68,laravel/laravel,72655,11.73,1491,134,0,PHP,0
69,MisterBooo/LeetCodeAnimation,72414,4.23,63,0,0,Java,0.72
70,FortAwesome/Font-Awesome,70979,11.03,196,50,0,JavaScript,0.72
71,papers-we-love/papers-we-love,70068,9.21,414,0,0,Shell,0.91
72,mtdvio/every-programmer-should-know,69646,5.52,98,0,0,Unkutcnown,0.43
73,django/django,69047,10.84,7992,0,0,Python,0
74,tonsky/FiraCode,68955,8.3,125,29,0,Clojure,0.72
75,doocs/advanced-java,68825,4.4,75,1,0,Java,0.99
76,bitcoin/bitcoin,68447,12.2,12696,40,0,C++,0.95
77,vuejs/awesome-vue,67887,7.36,3384,0,0,Unkutcnown,0.86
78,microsoft/Web-Dev-For-Beginners,67371,2.3,438,0,0,JavaScript,0.96
79,ripienaar/free-for-dev,67292,7.95,2120,0,0,HTML,0
80,gin-gonic/gin,66852,8.71,923,24,0,Go,0.75
81,opencv/opencv,66849,10.61,11027,59,0,C++,0.75
82,sveltejs/svelte,66009,6.28,2555,0,0,TypeScript,0.85
83,spring-projects/spring-boot,65848,10.36,41,162,0,Java,0.98
84,typicode/json-server,65774,9.26,108,12,0,JavaScript,0.45
85,gohugoio/hugo,65660,9.66,1903,215,0,Go,0.9
86,tailwindlabs/tailwindcss,65593,5.4,1680,209,0,HTML,1.0
87,521xueweihan/HelloGitHub,65502,6.82,14,28,0,Python,0.97
88,moby/moby,65236,10.11,18086,120,0,Go,0.82
89,nvm-sh/nvm,65114,12.88,674,62,0,Shell,0.83
90,fatedier/frp,64815,7.19,433,77,0,Go,0.96
91,thedaviddias/Front-End-Checklist,64316,5.37,172,1,0,Unkutcnown,0.96
92,macrozheng/mall,63842,4.91,0,2,0,Java,0.94
93,pytorch/pytorch,63266,6.55,5349,43,0,C++,0.67
94,hakimel/reveal.js,63225,11.73,373,39,0,JavaScript,0.71
95,neovim/neovim,62984,9.08,9190,31,0,Vim Script,0.85
96,elastic/elasticsearch,62891,13.06,53818,108,0,Java,0.89
97,florinpop17/app-ideas,62796,4.01,149,0,0,Unkutcnown,0.31
98,webpack/webpack,62585,10.97,4198,382,0,JavaScript,0.98
99,netdata/netdata,62160,9.7,6345,61,0,C,0.97
100,pallets/flask,62059,12.9,1445,24,0,Python,1.0
101,Hack-with-Github/Awesome-Hacking,62015,6.92,27,0,0,Unkutcnown,0
102,apple/swift,61951,7.35,41094,46,0,C++,0.57
103,expressjs/express,60086,13.68,268,147,0,JavaScript,0.97
104,chartjs/Chart.js,59953,9.95,2858,101,0,JavaScript,0.97
105,GrowingGit/GitHub-Chinese-Top-Charts,59778,3.49,0,0,0,Java,0.59
106,tauri-apps/tauri,59700,3.63,2869,500,0,Rust,0.85
107,resume/resume.github.com,59431,12.06,84,0,0,JavaScript,0.55
108,kdn251/interviews,59295,6.04,42,0,0,Java,0.39
109,reduxjs/redux,59289,7.76,1583,70,0,TypeScript,0.98
110,angular/angular.js,59248,13.15,789,0,0,JavaScript,0.96
111,coder/code-server,59220,4.01,1257,100,0,TypeScript,0.92
112,atom/atom,59168,11.11,3937,538,0,JavaScript,0.94
113,redis/redis,58720,13.94,3189,46,0,C,0.69
114,home-assistant/core,58547,9.45,44077,1000,0,Python,0.94
115,godotengine/godot,58448,9.15,26356,42,0,C++,0.82
116,protocolbuffers/protobuf,58349,8.51,4185,121,0,C++,0.88
117,jaywcjlove/awesome-mac,58226,6.62,701,6,0,JavaScript,0.73
118,adam-p/markdown-here,58207,10.8,20,11,0,JavaScript,0.51
119,josephmisiti/awesome-machine-learning,58013,8.63,776,0,0,Python,1.0
120,socketio/socket.io,57718,12.97,415,55,0,TypeScript,0.97
121,xingshaocheng/architect-awesome,57657,4.9,49,0,0,Unkutcnown,0.3
122,keras-team/keras,57444,7.93,2759,46,0,Python,0.98
123,jquery/jquery,57218,13.91,595,5,0,JavaScript,0.97
124,h5bp/Front-end-Developer-Interview-Questions,56582,11.06,439,0,0,Nunjucks,0.97
125,ansible/ansible,56448,10.98,36336,0,0,Python,0.98
126,kelseyhightower/nocode,55988,5.06,1,1,0,Dockerfile,0.14
127,shadowsocks/shadowsocks-windows,55894,10.12,278,55,0,C#,0.96
128,lodash/lodash,55742,10.9,573,2,0,JavaScript,0.92
129,leonardomso/33-js-concepts,55246,4.49,158,0,0,JavaScript,0.71
130,tiangolo/fastapi,55046,4.23,1135,144,0,Python,0.99
131,mermaid-js/mermaid,54806,8.33,1512,101,0,JavaScript,0.61
132,nestjs/nest,54686,6.07,4798,81,0,TypeScript,0.99
133,chrislgarry/Apollo-11,54491,8.91,320,0,0,Assembly,0.84
134,apache/echarts,54348,9.91,1152,107,0,TypeScript,0.87
135,gatsbyjs/gatsby,54189,7.78,17586,129,0,JavaScript,1.0
136,grafana/grafana,54162,9.22,28616,340,0,TypeScript,0.9
137,enaqx/awesome-react,54138,8.57,765,0,0,Unkutcnown,0.78
138,h5bp/html5-boilerplate,54062,13.1,662,32,0,JavaScript,0.99
139,DopplerHQ/awesome-interview-questions,53793,7.26,175,0,0,Unkutcnown,0.91
140,vitejs/vite,53425,2.86,3027,264,0,TypeScript,0.91
141,scikit-learn/scikit-learn,53153,12.54,10285,32,0,Python,0.84
142,awesomedata/awesome-public-datasets,53145,8.28,188,0,0,Unkutcnown,0.43
143,ElemeFE/element,53118,6.49,3221,144,0,Vue,0.87
144,lydiahallie/javascript-questions,52683,3.72,304,0,0,Unkutcnown,0.99
145,anuraghazra/github-readme-stats,52448,2.64,485,0,0,JavaScript,0.9
146,rails/rails,52400,14.89,20960,91,0,Ruby,0.98
147,Developer-Y/cs-video-courses,52366,6.36,125,0,0,Unkutcnown,0.89
148,strapi/strapi,52160,7.42,5860,266,0,JavaScript,0.96
149,Anduin2017/HowToCook,51438,3.0,458,1,0,HTML,0.43
150,python/cpython,50937,6.05,31974,0,0,Python,0.89
151,spring-projects/spring-framework,50904,12.23,751,248,0,Java,0.95
152,sdmg15/Best-websites-a-programmer-should-visit,50866,5.99,372,0,0,Unkutcnown,0.65
153,apache/superset,50764,7.61,10296,116,0,TypeScript,0.88
154,azl397985856/leetcode,50601,4.92,252,40,0,JavaScript,0.98
155,TheAlgorithms/Java,50509,6.62,971,0,0,Java,0.99
156,Semantic-Org/Semantic-UI,50445,9.89,356,154,0,JavaScript,0.85
157,hoppscotch/hoppscotch,50190,3.53,1030,16,0,Vue,0.9
158,junegunn/fzf,50136,9.35,364,25,0,Go,0.89
159,sindresorhus/awesome-nodejs,49917,8.64,392,0,0,Unkutcnown,1.0
160,3b1b/manim,49888,7.94,562,10,0,Python,0.67
161,scutan90/DeepLearning-500-questions,49886,4.68,302,0,0,JavaScript,0.44
162,necolas/normalize.css,49821,11.82,56,0,0,CSS,0.91
163,syncthing/syncthing,49816,9.26,2284,326,0,Go,0.93
164,remix-run/react-router,49737,8.79,1762,243,0,TypeScript,0.99
165,tesseract-ocr/tesseract,49398,8.55,1305,24,0,C++,0.85
166,psf/requests,49122,12.04,1466,5,0,Python,0.95
167,MunGell/awesome-for-beginners,48830,7.35,334,0,0,Unkutcnown,0.91
168,ionic-team/ionic-framework,48685,9.53,4314,559,0,TypeScript,0.98
169,bradtraversy/design-resources-for-developers,48461,2.82,819,0,0,Unkutcnown,1.0
170,microsoft/playwright,48235,3.29,9770,94,0,TypeScript,0.92
171,google/material-design-icons,47627,8.39,40,16,0,Unkutcnown,0.84
172,ageitgey/face_recognition,47433,5.99,94,2,0,Python,0.46
173,moment/moment,47258,12.0,712,0,0,JavaScript,0.95
174,fighting41love/funNLP,47190,4.53,11,0,0,Python,0.8
175,prometheus/prometheus,46959,10.26,5103,248,0,Go,0.88
176,google/guava,46868,8.76,368,35,0,Java,0.81
177,jgthms/bulma,46845,7.1,601,17,0,CSS,0.93
178,ReactiveX/RxJava,46843,10.14,3121,231,0,Java,1.0
179,soimort/you-get,46757,10.53,570,118,0,Python,0
180,Fndroid/clash_for_windows_pkg,46395,4.37,7,191,0,Unkutcnown,0.95
181,scrapy/scrapy,46323,13.02,1926,31,0,Python,0.82
182,supabase/supabase,46297,3.38,4219,24,0,TypeScript,0.92
183,jekyll/jekyll,46148,14.36,3073,107,0,Ruby,0.98
184,localstack/localstack,46063,6.35,3120,60,0,Python,0.93
185,caddyserver/caddy,46060,8.13,1548,103,0,Go,0.98
186,obsproject/obs-studio,45991,9.41,3449,175,0,C,0.86
187,ventoy/Ventoy,45909,2.97,230,86,0,C,0.78
188,prakhar1989/awesome-courses,45836,8.29,194,0,0,Unkutcnown,0.57
189,ocornut/imgui,45686,8.61,298,83,0,C++,0.85
190,swisskyrepo/PayloadsAllTheThings,45603,6.37,455,2,0,Python,0
191,wasabeef/awesome-android-ui,45599,8.18,90,0,0,Unkutcnown,0.9
192,Solido/awesome-flutter,45588,5.82,419,0,0,Dart,0
193,NARKOZ/hacker-scripts,45470,7.27,63,0,0,JavaScript,0.52
194,git/git,45409,14.6,3,0,0,C,0
195,alacritty/alacritty,45123,7.03,1528,76,0,Rust,0.94
196,danielmiessler/SecLists,45123,11.03,470,18,0,PHP,0.87
197,microsoft/ML-For-Beginners,45035,1.99,338,0,0,Jupyter Notebook,0
198,prettier/prettier,44973,6.25,6987,95,0,JavaScript,0.84
199,minimaxir/big-list-of-naughty-strings,44607,7.56,90,0,0,Python,0.33
200,juliangarnier/anime,44557,6.97,72,14,0,JavaScript,0.73
201,serverless/serverless,44305,7.86,4369,356,0,JavaScript,0.84
202,fffaraz/awesome-cpp,44109,8.62,533,0,0,Unkutcnown,0.33
203,JetBrains/kotlin,44042,11.04,2039,199,0,Kotlin,0
204,nuxt/nuxt,43950,6.34,2591,174,0,TypeScript,0.93
205,CompVis/stable-diffusion,43933,0.56,5,0,0,Jupyter Notebook,0.21
206,binhnguyennus/awesome-scalability,43862,5.17,29,0,0,Unkutcnown,0
207,deepfakes/faceswap,43816,5.2,345,3,0,Python,0.98
208,ziishaned/learn-regex,43658,5.61,124,0,0,Unkutcnown,0.42
209,square/okhttp,43613,10.6,3075,0,0,Kotlin,0.96
210,Eugeny/tabby,43547,6.18,1344,168,0,TypeScript,0.69
211,meteor/meteor,43315,11.11,1813,0,0,JavaScript,0.98
212,tldr-pages/tldr,43271,9.23,7785,2,0,Markdown,0.85
213,DefinitelyTyped/DefinitelyTyped,42992,10.4,45906,1,0,TypeScript,0.91
214,cypress-io/cypress,42745,7.99,5044,299,0,JavaScript,0.78
215,etcd-io/etcd,42726,9.65,7405,220,0,Go,0.98
216,aymericdamien/TensorFlow-Examples,42597,7.3,88,0,0,Jupyter Notebook,0.3
217,TryGhost/Ghost,42550,9.82,7560,633,0,JavaScript,1.0
218,facebook/docusaurus,42540,5.69,4592,125,0,TypeScript,0.91
219,algorithm-visualizer/algorithm-visualizer,42366,6.8,182,0,0,JavaScript,0.72
220,iamkun/dayjs,42336,4.89,640,113,0,JavaScript,0.58
221,android/architecture-samples,42313,7.07,202,0,0,Kotlin,0.66
222,excalidraw/excalidraw,42306,3.16,2867,8,0,TypeScript,0.65
223,Textualize/rich,42242,3.3,672,147,0,Python,0.92
224,ColorlibHQ/AdminLTE,42184,9.18,1169,72,0,JavaScript,0.98
225,vsouza/awesome-ios,42096,8.64,2191,0,0,Swift,1.0
226,AUTOMATIC1111/stable-diffusion-webui,42073,0.52,851,1,0,Python,0.64
227,parcel-bundler/parcel,42054,5.56,2094,25,0,JavaScript,0.86
228,ryanoasis/nerd-fonts,41980,8.24,280,29,0,CSS,0.9
229,babel/babel,41973,8.42,5131,338,0,TypeScript,0.93
230,traefik/traefik,41826,7.46,3718,387,0,Go,0.89
231,JuliaLang/julia,41745,11.86,20613,135,0,Julia,0.84
232,gogs/gogs,41697,9.05,1553,78,0,Go,0.84
233,v2ray/v2ray-core,41673,7.49,203,247,0,Go,0.99
234,astaxie/build-web-application-with-golang,41647,10.58,758,0,0,Go,0.61
235,mozilla/pdf.js,41547,11.85,6189,49,0,JavaScript,0.96
236,facebook/jest,41527,9.22,5099,189,0,TypeScript,0.89
237,yt-dlp/yt-dlp,41496,2.34,1288,67,0,Python,0.81
238,pi-hole/pi-hole,41457,8.73,1599,95,0,Shell,0.99
239,karan/Projects,41404,9.66,19,0,0,Unkutcnown,0.45
240,ethereum/go-ethereum,41379,9.18,6041,168,0,Go,0.97
241,square/retrofit,41210,12.48,798,0,0,Java,0.94
242,yarnpkg/yarn,41077,7.11,1652,150,0,JavaScript,0.72
243,Alvin9999/new-pac,40981,6.94,0,0,0,Unkutcnown,0.75
244,k88hudson/git-flight-rules,40862,8.61,216,0,0,Unkutcnown,0.78
245,bregman-arie/devops-exercises,40583,3.41,216,0,0,Python,0.82
246,mastodon/mastodon,40534,7.02,11153,186,0,Ruby,0.6
247,vercel/hyper,40396,6.66,2692,86,0,TypeScript,0.77
248,justjavac/awesome-wechat-weapp,40216,6.44,271,0,0,Unkutcnown,0
249,x64dbg/x64dbg,39962,7.89,594,3,0,C++,0.77
250,sharkdp/bat,39906,4.86,1090,38,0,Rust,0.86
251,tiimgreen/github-cheat-sheet,39895,8.88,129,0,0,Unkutcnown,0.78
252,Avik-Jain/100-Days-Of-ML-Code,39834,4.65,6,0,0,Unkutcnown,0
253,FiloSottile/mkcert,39830,4.68,52,14,0,Go,0.73
254,bailicangdu/vue2-elm,39754,6.18,20,0,0,Vue,0.82
255,typescript-cheatsheets/react,39745,4.74,317,0,0,JavaScript,0.99
256,CorentinJ/Real-Time-Voice-Cloning,39677,3.76,48,0,0,Python,0.91
257,oven-sh/bun,39548,1.88,618,69,0,Zig,0.63
258,nwjs/nw.js,39463,11.15,570,0,0,JavaScript,0.88
259,sherlock-project/sherlock,39379,4.18,504,0,0,Python,0.95
260,d2l-ai/d2l-zh,39181,5.52,1016,16,0,Python,0
261,pixijs/pixijs,39064,10.11,2677,191,0,TypeScript,0.98
262,Alamofire/Alamofire,39011,8.58,572,93,0,Swift,0.99
263,chinese-poetry/chinese-poetry,38876,6.49,125,1,0,JavaScript,0.48
264,commaai/openpilot,38868,6.26,6226,49,0,Python,0.9
265,rustdesk/rustdesk,38806,2.42,1022,8,0,Rust,0.79
266,Dogfalo/materialize,38792,8.47,449,41,0,JavaScript,0.88
267,Unitech/pm2,38637,9.78,537,119,0,JavaScript,0.85
268,marktext/marktext,38626,5.3,930,36,0,JavaScript,0.62
269,apache/dubbo,38472,10.7,3923,74,0,Java,0.89
270,kamranahmedse/design-patterns-for-humans,38471,6.03,48,0,0,Unkutcnown,0.87
271,styled-components/styled-components,38312,6.54,872,131,0,TypeScript,0.94
272,ngosang/trackerslist,38297,6.85,1,0,0,Unkutcnown,0.99
273,2dust/v2rayN,38226,3.59,80,145,0,C#,0.98
274,golang-standards/project-layout,38103,5.47,57,0,0,Makefile,0.29
275,jgraph/drawio-desktop,38072,5.77,17,104,0,Shell,0.83
276,minio/minio,37793,8.13,7964,388,0,Go,1.0
277,huginn/huginn,37753,9.97,939,1,0,Ruby,0.71
278,dcloudio/uni-app,37747,4.64,208,0,0,JavaScript,0.74
279,jakevdp/PythonDataScienceHandbook,37637,6.55,28,0,0,Jupyter Notebook,0.43
280,iperov/DeepFaceLab,37627,4.74,32,2,0,Python,0.6
281,NationalSecurityAgency/ghidra,37579,4.0,346,26,0,Java,0.67
282,dypsilon/frontend-dev-bookmarks,37539,9.69,129,1,0,Unkutcnown,0.82
283,discourse/discourse,37436,10.13,17529,0,0,Ruby,0
284,PowerShell/PowerShell,37339,7.13,6070,136,0,C#,0.69
285,rclone/rclone,37289,8.96,1445,90,0,Go,0.83
286,Dreamacro/clash,37209,4.72,254,49,0,Go,0.96
287,isocpp/CppCoreGuidelines,37181,7.53,759,4,0,Python,0.81
288,grpc/grpc,37159,8.23,17418,239,0,C++,0.94
289,impress/impress.js,37124,11.17,115,15,0,JavaScript,0.89
290,pandas-dev/pandas,37022,12.52,21525,93,0,Python,0.85
291,Leaflet/Leaflet,36953,12.44,2762,30,0,JavaScript,0.93
292,yangshun/front-end-interview-handbook,36803,5.13,220,0,0,JavaScript,0.85
293,faif/python-patterns,36703,10.73,262,0,0,Python,0.89
294,GitSquared/edex-ui,36693,6.09,399,29,0,JavaScript,0.99
295,fastlane/fastlane,36653,8.24,5975,530,0,Ruby,0.98
296,vuetifyjs/vuetify,36574,6.47,3263,462,0,TypeScript,0.9
297,FreeCodeCampChina/freecodecamp.cn,36498,6.41,55,0,0,CSS,0.76
298,google/zx,36368,1.82,104,55,0,JavaScript,0.92
299,hashicorp/terraform,36322,8.97,10519,238,0,Go,0.92
300,BurntSushi/ripgrep,36321,6.97,451,66,0,Rust,0.9
301,hexojs/hexo,36261,10.43,833,107,0,JavaScript,0.98
302,alex/what-happens-when,36197,9.31,108,0,0,Unkutcnown,0.21
303,PhilJay/MPAndroidChart,36180,8.85,190,44,0,Java,0.59
304,youngyangyang04/leetcode-master,35992,3.21,1600,0,0,Shell,0.32
305,agalwood/Motrix,35922,4.2,144,14,0,JavaScript,0.45
306,wagoodman/dive,35878,4.8,115,24,0,Go,0.54
307,streamich/react-use,35857,4.34,1494,249,0,TypeScript,0.42
308,ultralytics/yolov5,35749,2.78,1893,10,0,Python,0.97
309,vuejs/core,35684,4.72,1880,137,0,TypeScript,0.85
310,akullpp/awesome-java,35581,8.64,646,0,0,Unkutcnown,1.0
311,nektos/act,35507,4.16,626,52,0,Go,0.9
312,poteto/hiring-without-whiteboards,35342,5.96,1158,0,0,JavaScript,0
313,Homebrew/brew,35178,6.98,8885,291,0,Ruby,0.99
314,apache/spark,35107,9.01,5,0,0,Scala,0
315,videojs/video.js,35099,12.8,1583,280,0,JavaScript,0.92
316,php/php-src,35071,11.71,1520,0,0,C,0.72
317,slatedocs/slate,34991,9.46,291,28,0,SCSS,0.92
318,rust-lang/rustlings,34964,7.46,618,34,0,Rust,0.81
319,go-gitea/gitea,34951,6.33,11118,161,0,Go,0.81
320,RocketChat/Rocket.Chat,34898,7.78,9742,738,0,TypeScript,0.8
321,floodsung/Deep-Learning-Papers-Reading-Roadmap,34821,6.38,28,0,0,Python,0.08
322,chubin/cheat.sh,34786,5.82,122,0,0,Python,0.55
323,brillout/awesome-react-components,34776,6.68,293,0,0,Unkutcnown,1.0
324,evanw/esbuild,34729,6.71,207,233,0,Go,0.9
325,quilljs/quill,34721,10.58,236,82,0,JavaScript,0.61
326,laurent22/joplin,34721,6.12,1928,275,0,TypeScript,0.95
327,apachecn/ailearning,34715,6.01,475,2,0,Python,0.97
328,romkatv/powerlevel10k,34674,4.01,126,30,0,Shell,0.99
329,nocodb/nocodb,34653,5.34,1666,90,0,TypeScript,0.82
330,gorhill/uBlock,34646,7.92,210,267,0,JavaScript,1.0
331,nodejs/node-v0.x-archive,34587,13.76,218,0,0,Unkutcnown,0.92
332,0voice/interview_internal_reference,34519,3.72,35,0,0,Python,0.4
333,kelseyhightower/kubernetes-the-hard-way,34494,6.65,69,0,0,Unkutcnown,0.78
334,alvarotrigo/fullPage.js,34425,9.44,295,86,0,JavaScript,0.96
335,FFmpeg/FFmpeg,34362,11.88,16,0,0,C,0
336,f/awesome-chatgpt-prompts,34324,0.24,91,0,0,HTML,0.21
337,serhii-londar/open-source-mac-os-apps,34317,5.32,514,0,0,Unkutcnown,0.78
338,lerna/lerna,34296,7.24,787,207,0,TypeScript,0.87
339,nolimits4web/swiper,34251,10.96,526,36,0,JavaScript,0.97
340,Kong/kong,34176,8.28,3945,128,0,Lua,0.95
341,meilisearch/meilisearch,34134,4.85,1250,129,0,Rust,0.93
342,google/styleguide,34068,7.78,148,0,0,HTML,0.38
343,sahat/hackathon-starter,34035,9.3,310,14,0,JavaScript,0.99
344,preactjs/preact,33968,7.47,1437,180,0,JavaScript,0.91
345,wg/wrk,33948,10.95,0,0,0,C,0.68
346,iamadamdev/bypass-paywalls-chrome,33861,4.9,131,33,0,JavaScript,1.0
347,nlohmann/json,33836,9.66,660,43,0,C++,0.98
348,Asabeneh/30-Days-Of-JavaScript,33794,3.19,96,0,0,JavaScript,0.44
349,ant-design/ant-design-pro,33773,5.51,925,26,0,TypeScript,0.98
350,dkhamsing/open-source-ios-apps,33743,8.09,732,37,0,Unkutcnown,1.0
351,koajs/koa,33687,9.61,466,0,0,JavaScript,0.96
352,photonstorm/phaser,33686,9.88,1562,134,0,JavaScript,0.98
353,jeecgboot/jeecg-boot,33637,4.26,14,24,0,Java,0.98
354,airbnb/lottie-android,33634,6.4,592,44,0,Java,0.99
355,react-hook-form/react-hook-form,33514,3.99,1771,508,0,TypeScript,1.0
356,pingcap/tidb,33501,7.48,22269,164,0,Go,0.79
357,adobe/brackets,33480,11.23,4333,69,0,JavaScript,0.73
358,eugenp/tutorials,33479,9.84,9318,0,0,Java,0.97
359,skylot/jadx,33475,9.95,368,27,0,Java,0.79
360,open-guides/og-aws,33413,6.63,498,0,0,Shell,0.39
361,shadowsocks/shadowsocks-android,33412,10.2,245,184,0,Kotlin,0.99
362,exacity/deeplearningbook-chinese,33403,6.23,16,7,0,TeX,0.69
363,getsentry/sentry,33393,12.5,34301,99,0,Python,0.89
364,bumptech/glide,33381,9.65,439,43,0,Java,0.91
365,AFNetworking/AFNetworking,33351,11.75,710,40,0,Objective-C,0
366,jgraph/drawio,33347,6.48,32,724,0,JavaScript,0.87
367,shadowsocks/shadowsocks,33298,10.86,70,2,0,Python,0
368,google-research/bert,33295,4.35,32,0,0,Python,0.31
369,TanStack/query,33275,3.47,1255,483,0,TypeScript,0.97
370,AobingJava/JavaFamily,33149,3.3,2,0,0,Unkutcnown,0.98
371,BVLC/caffe,33148,9.46,1087,14,0,C++,0.81
372,tabler/tabler,33083,5.08,366,39,0,HTML,0.9
373,microsoft/monaco-editor,33076,6.73,291,0,0,JavaScript,0.81
374,jesseduffield/lazygit,33043,4.79,904,138,0,Go,0.68
375,dylanaraps/pure-bash-bible,33032,4.71,28,0,0,Shell,0.46
376,nativefier/nativefier,32991,7.66,253,94,0,TypeScript,0.82
377,zenorocha/clipboard.js,32975,7.45,117,42,0,JavaScript,0.99
378,starship/starship,32900,3.91,2248,117,0,Rust,0.77
379,rust-unofficial/awesome-rust,32875,8.62,1137,0,0,Rust,0.91
380,topjohnwu/Magisk,32839,6.48,1158,126,0,C++,1.0
381,gulpjs/gulp,32713,9.66,396,22,0,JavaScript,0.99
382,GokuMohandas/Made-With-ML,32619,4.32,140,0,0,Jupyter Notebook,1.0
383,LeCoupa/awesome-cheatsheets,32613,5.31,157,0,0,JavaScript,0.64
384,iina/iina,32609,6.2,467,40,0,Swift,0.56
385,jondot/awesome-react-native,32548,7.93,912,0,0,JavaScript,0.53
386,istio/istio,32503,6.28,20625,286,0,Go,0.97
387,immutable-js/immutable-js,32491,8.66,459,66,0,TypeScript,0.92
388,satwikkansal/wtfpython,32393,5.51,94,2,0,Python,0.67
389,NervJS/taro,32374,4.9,2503,142,0,TypeScript,0.9
390,SheetJS/sheetjs,32318,10.24,106,0,0,JavaScript,0.95
391,unknwon/the-way-to-go_ZH_CN,32202,9.94,592,0,0,Go,0
392,vlang/v,32198,4.06,8236,141,0,V,0.88
393,AppFlowy-IO/AppFlowy,32176,1.71,948,25,0,Dart,0.5
394,formulahendry/955.WLB,32154,3.93,18,0,0,Unkutcnown,0.3
395,google/material-design-lite,32143,8.13,655,14,0,HTML,0.83
396,geekxh/hello-algorithm,32073,2.75,25,0,0,Java,0.82
397,firstcontributions/first-contributions,32007,6.44,53642,0,0,Unkutcnown,0.95
398,jaredpalmer/formik,31992,5.71,746,170,0,TypeScript,0.7
399,google/leveldb,31979,8.51,58,21,0,C++,0.74
400,carbon-app/carbon,31970,5.71,643,215,0,JavaScript,0.95
401,xitu/gold-miner,31961,7.32,3525,0,0,Unkutcnown,1.0
402,Blankj/AndroidUtilCode,31908,6.58,87,117,0,Java,0.84
403,alibaba/arthas,31827,4.5,434,47,0,Java,0.86
404,gto76/python-cheatsheet,31782,5.1,13,0,0,Python,0.87
405,XX-net/XX-Net,31718,8.12,360,359,0,Python,0.4
406,go-gorm/gorm,31584,9.35,602,2,0,Go,0.96
407,metabase/metabase,31570,8.07,13876,328,0,Clojure,0.8
408,koalaman/shellcheck,31549,10.28,257,28,0,Haskell,0.64
409,cli/cli,31514,3.41,1651,101,0,Go,0.88
410,psf/black,31493,4.96,1102,26,0,Python,0.84
411,chakra-ui/chakra-ui,31420,3.54,2110,1000,0,TypeScript,0.96
412,QSCTech/zju-icicles,31280,6.67,182,0,0,HTML,0.85
413,Trinea/android-open-project,31177,9.15,202,0,0,Unkutcnown,0.87
414,bilibili/ijkplayer,31158,9.74,35,0,0,C,0.48
415,shadowsocks/ShadowsocksX-NG,31087,6.72,61,27,0,Swift,0.79
416,blueimp/jQuery-File-Upload,31053,12.25,119,0,0,PHP,0.99
417,dotnet/aspnetcore,31036,8.97,12755,174,0,C#,0.91
418,date-fns/date-fns,31029,8.4,1023,105,0,TypeScript,0.75
419,testerSunshine/12306,30933,5.79,31,1,0,Python,0.68
420,freeCodeCamp/devdocs,30911,9.35,528,0,0,Ruby,0.88
421,spf13/cobra,30890,9.49,522,19,0,Go,0.89
422,type-challenges/type-challenges,30830,2.6,452,0,0,TypeScript,0.09
423,pyenv/pyenv,30804,10.5,756,70,0,Roff,0.99
424,netty/netty,30769,12.31,3049,0,0,Java,0.92
425,dbeaver/dbeaver,30754,7.36,3271,170,0,Java,0.88
426,zxing/zxing,30724,11.38,209,29,0,Java,0.99
427,junegunn/vim-plug,30642,9.47,165,5,0,Vim Script,0.89
428,typeorm/typeorm,30523,7.0,1795,24,0,TypeScript,0.75
429,acmesh-official/acme.sh,30492,7.18,1207,39,0,Shell,0.69
430,denysdovhan/wtfjs,30338,5.63,124,25,0,JavaScript,0.91
431,louislam/uptime-kuma,30256,1.66,679,77,0,JavaScript,0.61
432,mitmproxy/mitmproxy,30245,13.03,2029,48,0,Python,0.92
433,sorrycc/awesome-javascript,30235,8.67,362,0,0,Unkutcnown,0.98
434,openai/gym,30183,6.84,999,19,0,Python,0.98
435,fxsjy/jieba,30022,10.42,96,9,0,Python,0.26
436,bayandin/awesome-awesomeness,29887,8.65,197,0,0,Ruby,0.82
437,ruanyf/weekly,29829,4.38,60,0,0,Unkutcnown,0.2
438,carbon-language/carbon-lang,29787,2.84,1582,0,0,C++,0.72
439,vim/vim,29681,7.53,3,0,0,Vim Script,0.82
440,certbot/certbot,29677,8.3,3606,40,0,Python,0.91
441,rapid7/metasploit-framework,29606,11.5,9774,0,0,Ruby,0.91
442,vuejs/vue-cli,29578,7.18,1258,177,0,JavaScript,0.84
443,joshbuchea/HEAD,29573,6.86,86,0,0,Unkutcnown,0.8
444,appwrite/appwrite,29562,3.9,1818,55,0,TypeScript,0.77
445,naptha/tesseract.js,29552,7.69,111,38,0,JavaScript,0.96
446,prisma/prisma,29457,3.7,3726,152,0,TypeScript,0.68
447,beego/beego,29453,11.0,1164,20,0,Go,1.0
448,foundation/foundation-sites,29421,11.38,2950,76,1,HTML,1.0
449,aria2/aria2,29419,12.26,206,23,0,C++,0.45
450,atlassian/react-beautiful-dnd,29370,5.56,524,68,0,JavaScript,0.67
451,apache/airflow,29322,7.88,14900,60,0,Python,0.9
452,hasura/graphql-engine,29319,4.7,2109,182,0,TypeScript,0.65
453,CSSEGISandData/COVID-19,29295,3.07,2135,0,0,Unkutcnown,0.55
454,halfrost/LeetCode-Go,29195,5.62,170,4,0,Go,0.8
455,ariya/phantomjs,29194,12.18,562,0,0,C++,1.0
456,sickcodes/Docker-OSX,29189,2.74,97,0,0,Shell,0.49
457,markedjs/marked,29161,11.6,975,89,0,JavaScript,0.97
458,bannedbook/fanqiang,29132,8.13,3,2,0,Kotlin,0.59
459,google/googletest,29119,7.59,750,6,0,C++,0.89
460,lukehoban/es6features,29116,8.99,41,0,0,Unkutcnown,0.63
461,codepath/android_guides,28052,9.7,10,0,0,Unkutcnown,0.58
462,jashkenas/backbone,27987,12.42,859,0,0,JavaScript,0.98
463,vuejs/vuex,27969,7.62,654,51,0,JavaScript,0.93
464,pmndrs/zustand,27953,3.89,442,66,0,TypeScript,0.98
465,mingrammer/diagrams,27934,3.07,237,39,0,Python,0.43
466,tmux/tmux,27874,7.74,1,34,0,C,0.99
467,kenwheeler/slick,27866,8.94,236,48,0,JavaScript,0.67
468,0xAX/linux-insides,27843,8.16,571,0,0,Python,0.86
469,caolan/async,27827,12.75,478,7,0,JavaScript,0.99
470,Light-City/CPlusPlusThings,27809,3.63,56,0,0,C++,0.99
471,niklasvh/html2canvas,27787,11.63,186,45,0,TypeScript,0.67
472,sudheerj/reactjs-interview-questions,27779,4.75,115,0,0,JavaScript,0.95
473,goabstract/Awesome-Design-Tools,27773,4.05,283,0,0,JavaScript,0.78
474,huihut/interview,27752,5.05,33,0,0,C++,0.77
475,withastro/astro,27736,1.96,3383,981,0,TypeScript,0.96
476,PKUanonym/REKCARC-TSC-UHT,27721,3.9,116,0,0,HTML,0.96
477,google-research/google-research,27581,4.41,29,0,0,Jupyter Notebook,0.28
478,webtorrent/webtorrent,27565,9.37,658,103,0,JavaScript,0.95
479,sequelize/sequelize,27545,12.61,3802,440,0,JavaScript,0.92
480,kodecocodes/swift-algorithm-club,27455,7.09,608,0,0,Swift,0.86
481,ziadoz/awesome-php,28280,9.26,386,0,0,Unkutcnown,0.99
482,square/leakcanary,28254,7.84,842,31,0,Kotlin,0.95
483,IanLunn/Hover,28197,9.16,23,10,0,SCSS,0.8
484,hankcs/HanLP,28193,8.39,73,57,0,Python,0.99
485,shengxinjing/programmer-job-blacklist,28146,6.68,16,0,0,Shell,0.55
486,airbnb/lottie-web,28133,8.02,119,0,0,JavaScript,0.77
487,tastejs/todomvc,28128,11.74,719,5,0,JavaScript,0.82
488,aosabook/500lines,28121,9.32,175,0,0,JavaScript,0.57
489,jgm/pandoc,28078,12.95,1415,115,0,Haskell,0.87
490,symfony/symfony,28057,13.15,19686,422,0,PHP,0.97
491,codepath/android_guides,28052,9.7,10,0,0,Unkutcnown,0.58
492,jashkenas/backbone,27987,12.42,859,0,0,JavaScript,0.98
493,vuejs/vuex,27969,7.62,654,51,0,JavaScript,0.93
494,standard/standard,27958,8.09,402,4,0,JavaScript,0.93
495,pmndrs/zustand,27953,3.89,442,66,0,TypeScript,0.98
496,mingrammer/diagrams,27934,3.07,237,39,0,Python,0.43
497,tmux/tmux,27874,7.74,1,34,0,C,0.99
498,kenwheeler/slick,27866,8.94,236,48,0,JavaScript,0.67
499,0xAX/linux-insides,27843,8.16,571,0,0,Python,0.86
500,caolan/async,27827,12.75,478,7,0,JavaScript,0.99
501,Light-City/CPlusPlusThings,27809,3.63,56,0,0,C++,0.99
502,apolloconfig/apollo,27792,6.99,1291,38,0,Java,0.96
503,niklasvh/html2canvas,27787,11.63,186,45,0,TypeScript,0.67
504,sudheerj/reactjs-interview-questions,27779,4.75,115,0,0,JavaScript,0.95
505,goabstract/Awesome-Design-Tools,27773,4.05,283,0,0,JavaScript,0.78
506,huihut/interview,27752,5.05,33,0,0,C++,0.77
507,withastro/astro,27736,1.96,3383,981,0,TypeScript,0.96
508,PKUanonym/REKCARC-TSC-UHT,27721,3.9,116,0,0,HTML,0.96
509,google-research/google-research,27581,4.41,29,0,0,Jupyter Notebook,0.28
510,webtorrent/webtorrent,27565,9.37,658,103,0,JavaScript,0.95
511,sequelize/sequelize,27545,12.61,3802,440,0,JavaScript,0.92
512,kodecocodes/swift-algorithm-club,27455,7.09,608,0,0,Swift,0.86
513,composer/composer,27405,11.73,2616,177,0,PHP,0.98
514,ccxt/ccxt,27397,5.8,7412,0,0,JavaScript,0.92
515,ClickHouse/ClickHouse,27307,6.74,26822,438,0,C++,0.82
516,postcss/postcss,27243,9.43,698,233,0,TypeScript,0.98
517,geekcomputers/Python,27191,11.25,1192,0,0,Python,0.35
518,Homebrew/legacy-homebrew,27165,13.78,222,0,0,Unkutcnown,1.0
519,herrbischoff/awesome-macos-command-line,27136,7.44,104,0,0,Unkutcnown,0
520,Binaryify/NeteaseCloudMusicApi,27120,6.69,260,170,0,JavaScript,0.92
521,fengdu78/Coursera-ML-AndrewNg-Notes,27066,5.32,13,0,0,HTML,0.24
522,hashicorp/vault,27062,8.01,11930,84,0,Go,0.84
523,donnemartin/interactive-coding-challenges,26964,7.84,176,0,0,Python,0.48
524,crossoverJie/JCSprout,26934,5.2,69,0,0,Java,0.66
525,trailofbits/algo,26907,6.79,503,2,0,Jinja,0.92
526,VincentGarreau/particles.js,26884,8.48,21,6,0,JavaScript,0.26
527,TencentARC/GFPGAN,26880,1.95,14,8,0,Python,0.35
528,jashkenas/underscore,26879,13.35,741,0,0,JavaScript,0.98
529,alibaba/easyexcel,26870,5.06,137,5,0,Java,0.93
530,layui/layui,26862,7.44,172,73,0,JavaScript,1.0
531,Kong/insomnia,26848,6.85,1892,310,0,JavaScript,0.85
532,pcottle/learnGitBranching,26811,10.55,518,0,0,JavaScript,0.96
533,babysor/MockingBird,26776,1.56,63,1,0,Python,0.5
534,microsoft/calculator,26741,4.09,786,0,0,C++,0.7
535,alebcay/awesome-shell,26720,8.65,298,0,0,Unkutcnown,0.39
536,fzaninotto/Faker,26705,11.38,824,12,0,PHP,0.87
537,Tencent/weui,26698,8.2,189,39,0,HTML,0.93
538,cockroachdb/cockroach,26683,9.07,42922,0,0,Go,0.89
539,Advanced-Frontend/Daily-Interview-Question,26639,4.11,15,0,0,JavaScript,0.54
540,ZuzooVn/machine-learning-for-software-engineers,26621,6.39,58,0,0,Unkutcnown,0.36
541,httpie/httpie,26612,11.01,381,44,0,Python,0.84
542,houshanren/hangzhou_house_knowledge,26594,5.01,6,0,1,CSS,0
543,alibaba/druid,26581,11.32,998,48,0,Java,0.37
544,massgravel/Microsoft-Activation-Scripts,26576,3.13,0,6,0,Batchfile,0.99
545,fastify/fastify,26557,6.42,2254,249,0,JavaScript,0.97
546,sharkdp/fd,26553,5.81,427,35,0,Rust,0.91
547,yewstack/yew,26542,5.2,1482,33,0,Rust,0.92
548,transloadit/uppy,26526,7.29,2140,50,0,JavaScript,0.95
549,ianstormtaylor/slate,26525,6.7,1692,126,0,TypeScript,0.82
550,harness/drone,26516,9.06,975,25,0,Go,0.97
551,danielgindi/Charts,26500,7.95,402,36,0,Swift,0.8
552,PKUFlyingPig/cs-self-learning,26476,1.36,167,2,0,HTML,0.55
553,bradtraversy/50projects50days,26428,2.29,39,0,0,CSS,0
554,SortableJS/Sortable,26414,9.2,242,24,0,JavaScript,0.76
555,files-community/Files,26405,4.15,3455,83,0,C#,0.95
556,swc-project/swc,26384,5.19,3658,236,0,Rust,0.87
557,coreybutler/nvm-windows,26297,8.44,73,18,0,Go,0.9
558,mobxjs/mobx,26226,7.96,1031,82,0,TypeScript,0.99
559,sqlmapproject/sqlmap,26225,10.68,147,8,0,Python,0.99
560,CMU-Perceptual-Computing-Lab/openpose,26138,5.85,164,15,0,C++,0.89
561,halo-dev/halo,26131,4.94,984,109,0,Java,0.88
562,nvie/gitflow,26121,13.11,36,0,0,Shell,0.35
563,hashicorp/consul,26119,9.32,9522,130,0,Go,0.8
564,solidjs/solid,26118,4.85,288,32,0,TypeScript,0.96
565,GoogleChrome/lighthouse,26116,6.98,4678,96,0,JavaScript,0.94
566,byoungd/English-level-up-tips,26109,5.75,23,0,0,Unkutcnown,0.77
567,WerWolv/ImHex,26083,2.3,249,54,0,C++,0.84
568,parallax/jsPDF,26060,13.23,699,32,0,JavaScript,0.94
569,cheeriojs/cheerio,26008,11.39,1497,57,0,TypeScript,0.99
570,kubernetes/minikube,25983,6.87,6276,138,0,Go,0.9
571,angular/angular-cli,25969,7.74,8235,576,0,TypeScript,0.99
572,realpython/python-guide,25967,11.96,680,0,0,Batchfile,0.65
573,rethinkdb/rethinkdb,25950,10.33,446,71,0,C++,0.79
574,SeleniumHQ/selenium,25933,10.12,1246,80,0,Java,0.98
575,ibraheemdev/modern-unix,25926,2.13,10,0,0,Unkutcnown,0.17
576,OAI/OpenAPI-Specification,25917,8.99,737,10,0,JavaScript,0.73
577,jobbole/awesome-python-cn,25888,7.32,51,0,0,Makefile,0.63
578,geekcompany/ResumeSample,25874,8.48,2,0,0,Unkutcnown,0
579,vercel/swr,25851,3.34,649,92,0,TypeScript,0.89
580,JedWatson/react-select,25823,8.51,1022,46,0,TypeScript,0.94
581,yunjey/pytorch-tutorial,25777,5.97,28,0,0,Python,0.64
582,jesseduffield/lazydocker,25773,3.79,145,35,0,Go,0.65
583,qiurunze123/miaosha,25747,4.46,20,0,0,Java,0.99
584,zhongyang219/TrafficMonitor,25742,5.59,36,24,0,C++,0.43
585,YMFE/yapi,25740,6.75,141,1,0,JavaScript,0.38
586,codemirror/codemirror5,25712,12.13,582,167,0,JavaScript,0.91
587,nagadomi/waifu2x,25702,7.79,68,3,0,Lua,0.59
588,JakeWharton/butterknife,25655,9.99,346,0,0,Java,0.92
589,github/fetch,25624,8.38,146,38,0,JavaScript,0.93
590,request/request,25612,12.1,650,0,0,JavaScript,0.97
591,lenve/vhr,25601,5.15,1,0,0,Java,0.38
592,facebookresearch/Detectron,25555,5.4,0,0,0,Python,0.67
593,slidevjs/slidev,25548,1.85,212,221,0,TypeScript,0.93
594,alibaba/nacos,25540,4.71,2260,51,0,Java,0.97
595,select2/select2,25527,10.99,704,29,0,JavaScript,0.99
596,dromara/hutool,25511,8.88,343,126,0,Java,1.0
597,TheAlgorithms/JavaScript,25501,5.63,679,0,0,JavaScript,0.98
598,Modernizr/Modernizr,25424,13.43,798,25,0,JavaScript,0.89
599,ajaxorg/ace,25403,12.34,1546,33,0,JavaScript,0.96
600,Automattic/mongoose,25372,12.9,2267,78,0,JavaScript,0.97
601,explosion/spaCy,25366,8.66,3230,110,0,Python,0.99
602,GitbookIO/gitbook,25357,8.92,214,0,0,JavaScript,0
603,CamDavidsonPilon/Probabilistic-Programming-and-Bayesian-Methods-for-Hackers,25348,10.12,243,0,0,Jupyter Notebook,0.37
604,openai/whisper,25344,0.45,50,2,0,Jupyter Notebook,0
605,zsh-users/zsh-autosuggestions,25296,9.34,104,0,0,Shell,0.8
606,The-Run-Philosophy-Organization/run,25293,0.89,167,0,0,Unkutcnown,0.92
607,digitalocean/nginxconfig.io,25252,5.15,161,0,0,JavaScript,0.81
608,appsmithorg/appsmith,25217,2.67,6984,152,0,TypeScript,0.75
609,alibaba/fastjson,25193,11.32,418,84,0,Java,0.48
610,proxyee-down-org/proxyee-down,25116,5.35,16,49,0,Java,0
611,rstacruz/nprogress,25099,9.53,34,7,0,JavaScript,0.34
612,alibaba/canal,25093,10.13,411,26,0,Java,0.78
613,wuyouzhuguli/SpringAll,25090,4.83,1,0,0,Java,0.64
614,pmndrs/react-spring,25087,4.98,359,46,0,TypeScript,0.93
615,labstack/echo,25075,8.0,508,98,0,Go,0.96
616,encode/django-rest-framework,25060,12.0,2816,17,0,Python,0.98
617,coolsnowwolf/lede,25049,5.48,1727,4,0,C,0.93
618,balena-io/etcher,24993,7.34,1688,251,0,TypeScript,0.8
619,influxdata/influxdb,24990,9.43,9493,76,0,Go,0.87
620,remy/nodemon,24985,12.41,294,86,0,JavaScript,1.0
621,ageron/handson-ml,24979,7.04,56,0,0,Jupyter Notebook,0.79
622,hashicorp/vagrant,24972,13.11,2607,5,0,Ruby,0.93
623,viraptor/reverse-interview,24952,3.48,67,0,0,Unkutcnown,0.71
624,gofiber/fiber,24926,3.12,1125,103,0,Go,0.97
625,photoprism/photoprism,24910,5.09,444,52,0,Go,0.79
626,mattermost/mattermost-server,24908,7.71,12953,339,0,Go,0.92
627,alibaba/spring-cloud-alibaba,24876,5.25,821,32,0,Java,0.81
628,ehang-io/nps,24834,4.32,74,59,0,Go,0.63
629,facebook/folly,24774,10.75,4,127,0,C++,0.69
630,portainer/portainer,24729,6.78,3146,102,0,Go,0.81
631,nylas/nylas-mail,24724,8.37,139,53,0,JavaScript,0.71
632,lyswhut/lx-music-desktop,24715,3.55,5,97,0,TypeScript,0.83
633,immerjs/immer,24709,5.17,335,100,0,JavaScript,0.95
634,donnemartin/data-science-ipython-notebooks,24702,8.1,31,0,0,Python,0.65
635,bvaughn/react-virtualized,24696,7.33,453,4,0,JavaScript,0.62
636,jamiebuilds/the-super-tiny-compiler,24695,6.97,20,0,0,JavaScript,0
637,ggreer/the_silver_searcher,24654,11.28,399,0,0,C,0.5
638,go-kit/kit,24635,8.07,475,12,0,Go,0.94
639,facebook/rocksdb,24614,10.25,591,170,0,C++,0.81
640,lovell/sharp,24610,9.53,249,55,0,JavaScript,0.96
641,ycm-core/YouCompleteMe,24608,10.87,738,0,0,Python,1.0
642,dwmkerr/hacker-laws,24601,5.1,168,1,0,Shell,0.34
643,AllThingsSmitty/css-protips,24590,7.5,54,0,0,Unkutcnown,0.91
644,cfenollosa/os-tutorial,24579,8.42,11,0,0,C,0.6
645,floating-ui/floating-ui,24570,6.92,746,295,0,TypeScript,0.99
646,qishibo/AnotherRedisDesktopManager,24535,4.14,126,43,0,JavaScript,0.81
647,veggiemonk/awesome-docker,24521,8.44,846,1,0,Unkutcnown,1.0
648,cmderdev/cmder,24513,9.64,392,32,0,C++,0.99
649,SDWebImage/SDWebImage,24504,13.44,862,123,0,Objective-C,0.98
650,hollischuang/toBeTopJavaer,24390,4.35,52,0,0,Java,0.58
651,powerline/fonts,24371,10.2,72,1,0,Shell,0.39
652,stedolan/jq,24364,10.62,225,9,0,C,0.66
653,ray-project/ray,24354,6.35,15980,63,0,Python,0.8
654,lukasz-madon/awesome-remote-job,24330,8.16,531,0,0,Unkutcnown,0.87
655,mbeaudru/modern-js-cheatsheet,24321,5.45,82,0,0,Unkutcnown,0.83
656,ryanhanwu/How-To-Ask-Questions-The-Smart-Way,24298,7.93,94,0,0,JavaScript,0.72
657,terryum/awesome-deep-learning-papers,24294,6.74,39,0,0,TeX,0.42
658,akveo/ngx-admin,24292,6.77,337,18,0,TypeScript,0.77
659,tj/commander.js,24287,11.55,606,72,0,JavaScript,0.99
660,apache/kafka,24283,11.54,6289,0,0,Java,0
661,dokku/dokku,24271,9.73,2644,237,0,Shell,0.98
662,greenrobot/EventBus,24271,10.62,31,7,0,Java,0.82
663,facebookresearch/fastText,24256,6.62,12,4,0,HTML,0.58
664,ageron/handson-ml2,24215,4.14,64,0,0,Jupyter Notebook,0.61
665,tqdm/tqdm,24118,7.74,270,119,0,Python,0.63
666,fabricjs/fabric.js,24103,12.73,1848,120,0,JavaScript,0.96
667,scwang90/SmartRefreshLayout,24084,5.74,6,10,0,Java,0.82
668,AMAI-GmbH/AI-Expert-Roadmap,24077,2.35,13,0,0,JavaScript,0.79
669,remoteintech/remote-jobs,24034,7.38,1096,0,0,JavaScript,0.92
670,google/python-fire,24034,6.02,70,9,0,Python,0.61
671,iview/iview,24017,6.59,526,85,0,Vue,0.8
672,johnpapa/angular-styleguide,24014,8.59,331,0,0,Unkutcnown,0.85
673,sindresorhus/awesome-electron,24013,7.85,260,0,0,Unkutcnown,1.0
674,yuzu-emu/yuzu,24012,5.16,5361,0,0,C++,0.71
675,SerenityOS/serenity,23995,4.24,12708,0,0,C++,0.83
676,lapce/lapce,23942,5.06,722,24,0,Rust,0.57
677,python-poetry/poetry,23915,5.0,1531,121,0,Python,0.88
678,pjreddie/darknet,23869,8.89,10,0,0,C,0.23
679,helm/helm,23840,7.4,3368,170,0,Go,0.96
680,dmlc/xgboost,23821,9.06,3436,49,0,C++,0.93
681,statelyai/xstate,22935,7.46,1271,199,0,TypeScript,0.89
682,quasarframework/quasar,22927,7.4,3376,749,0,JavaScript,0.95
683,ascoders/weekly,22917,5.95,127,172,0,JavaScript,1.0
684,TeamNewPipe/NewPipe,22908,7.49,1398,124,0,Java,0.85
685,pure-css/pure,22890,9.86,324,27,0,JavaScript,1.0
686,charlax/professional-programming,22880,7.31,29,0,0,Python,1.0
687,docsifyjs/docsify,22871,6.28,532,13,0,JavaScript,0.83
688,vercel/pkg,22870,6.56,163,40,0,JavaScript,0.97
689,qianguyihao/Web,22868,6.15,0,0,0,Unkutcnown,0.76
690,michalsnik/aos,22856,7.64,38,0,0,JavaScript,0.54
691,syl20bnr/spacemacs,22825,10.2,1627,158,0,Emacs Lisp,0.96
692,numpy/numpy,22814,12.46,9650,97,0,Python,0.82
693,dnSpy/dnSpy,22779,7.67,53,1,0,C#,0
694,kahun/awesome-sysadmin,22778,9.05,183,0,0,Unkutcnown,0.27
695,ramda/ramda,22770,9.69,1277,26,0,JavaScript,0.92
696,mbadolato/iTerm2-Color-Schemes,22749,11.92,271,0,0,Shell,0.84
697,matterport/Mask_RCNN,22728,5.36,65,3,0,Python,0.31
698,openfaas/faas,22712,6.19,670,163,0,Go,0.97
699,datasciencemasters/go,22701,9.54,44,0,0,Unkutcnown,0.45
700,getredash/redash,22700,9.34,2669,98,0,Python,0.77
701,signalapp/Signal-Android,23354,11.21,238,0,0,Java,0.98
702,angular/components,23344,7.15,10620,355,0,TypeScript,0.87
703,mongodb/mongo,23317,14.12,123,0,0,C++,0
704,sampotts/plyr,23314,8.04,382,83,0,JavaScript,0.6
705,dani-garcia/vaultwarden,23269,5.03,607,46,0,Rust,1.0
706,beurtschipper/Depix,23265,2.23,14,0,0,Python,0
707,alibaba/flutter-go,23257,4.14,158,4,0,Dart,0
708,nsqio/nsq,23250,10.8,658,30,0,Go,0.92
709,Netflix/Hystrix,23216,10.28,672,79,0,Java,0.67
710,wesbos/JavaScript30,23184,6.23,149,0,0,HTML,0
711,ReactiveX/RxSwift,23184,7.9,752,71,0,Swift,0.99
712,feathericons/feather,23180,8.76,98,51,0,JavaScript,0.38
713,kilimchoi/engineering-blogs,23179,7.72,680,0,0,Ruby,0.88
714,alpinejs/alpine,23164,3.26,505,112,0,HTML,1.0
715,gitlabhq/gitlabhq,23153,11.41,2227,0,0,Ruby,0
716,open-mmlab/mmdetection,23150,4.52,2113,49,0,Python,0.92
717,jaywcjlove/linux-command,23137,6.3,261,24,0,Markdown,0.63
718,Ebazhanov/linkedin-skill-assessments-quizzes,23124,3.63,4412,1,0,Python,0.93
719,Pierian-Data/Complete-Python-3-Bootcamp,23122,5.05,12,0,0,Jupyter Notebook,0.68
720,doczjs/docz,23117,4.96,365,127,0,TypeScript,0.91
721,littlecodersh/ItChat,23116,7.11,29,13,0,Python,0.71
722,haizlin/fe-interview,23114,3.87,8,2,0,JavaScript,0.0
723,mdbootstrap/mdb-ui-kit,23100,8.53,193,27,0,SCSS,0.99
724,OWASP/CheatSheetSeries,23074,4.19,666,0,0,Python,0.92
725,rollup/rollup,23054,7.8,1612,379,0,JavaScript,0.86
726,yichengchen/clashX,23044,4.71,34,30,0,Swift,0
727,heartcombo/devise,23030,13.45,753,17,0,Ruby,0.97
728,CodeHubApp/CodeHub,23028,9.6,13,4,0,C#,0.63
729,matteocrippa/awesome-swift,23021,8.64,1412,0,0,Ruby,0.99
730,streamlit/streamlit,22988,3.52,2553,54,0,Python,0.81
731,zeromicro/go-zero,22961,2.56,1348,79,0,Go,0.83
732,StreisandEffect/streisand,22939,8.94,527,0,1,Shell,0.81
733,statelyai/xstate,22935,7.46,1271,199,0,TypeScript,0.89
734,quasarframework/quasar,22927,7.4,3376,749,0,JavaScript,0.95
735,ascoders/weekly,22917,5.95,127,172,0,JavaScript,1.0
736,TeamNewPipe/NewPipe,22908,7.49,1398,124,0,Java,0.85
737,pure-css/pure,22890,9.86,324,27,0,JavaScript,1.0
738,charlax/professional-programming,22880,7.31,29,0,0,Python,1.0
739,docsifyjs/docsify,22871,6.28,532,13,0,JavaScript,0.83
740,vercel/pkg,22870,6.56,163,40,0,JavaScript,0.97
741,qianguyihao/Web,22868,6.15,0,0,0,Unkutcnown,0.76
742,michalsnik/aos,22856,7.64,38,0,0,JavaScript,0.54
743,syl20bnr/spacemacs,22825,10.2,1627,158,0,Emacs Lisp,0.96
744,numpy/numpy,22814,12.46,9650,97,0,Python,0.82
745,dnSpy/dnSpy,22779,7.67,53,1,0,C#,0
746,kahun/awesome-sysadmin,22778,9.05,183,0,0,Unkutcnown,0.27
747,ramda/ramda,22770,9.69,1277,26,0,JavaScript,0.92
748,mbadolato/iTerm2-Color-Schemes,22749,11.92,271,0,0,Shell,0.84
749,matterport/Mask_RCNN,22728,5.36,65,3,0,Python,0.31
750,openfaas/faas,22712,6.19,670,163,0,Go,0.97
751,datasciencemasters/go,22701,9.54,44,0,0,Unkutcnown,0.45
752,getredash/redash,22700,9.34,2669,98,0,Python,0.77
753,Wox-launcher/Wox,22680,9.2,288,38,0,C#,0.71
754,coder2gwy/coder2gwy,22663,2.17,2,0,0,Unkutcnown,0.18
755,zhiwehu/Python-programming-exercises,22653,10.71,0,0,0,Unkutcnown,0.15
756,servo/servo,22646,11.06,14385,0,0,Unkutcnown,0.71
757,reduxjs/react-redux,22645,7.64,492,114,0,TypeScript,0.99
758,rome/tools,22633,3.03,2554,75,0,Rust,0.9
759,inconshreveable/ngrok,22629,9.95,34,0,0,Go,0.75
760,dotnet-architecture/eShopOnContainers,22622,6.4,512,11,0,C#,0.98
761,android/architecture-components-samples,22619,5.81,215,0,0,Kotlin,0.79
762,dimsemenov/PhotoSwipe,22613,11.9,73,16,0,JavaScript,0.66
763,vapor/vapor,22550,7.12,1100,472,0,Swift,0.94
764,remix-run/remix,22467,2.34,1719,106,0,TypeScript,0.84
765,StevenBlack/hosts,22461,10.88,419,512,0,Python,0.98
766,MostlyAdequate/mostly-adequate-guide,22421,7.82,270,1,0,JavaScript,0.74
767,emberjs/ember.js,22421,11.77,7927,480,0,JavaScript,0.94
768,k3s-io/k3s,22421,4.75,2300,505,0,Go,0.95
769,redux-saga/redux-saga,22412,7.25,666,68,0,JavaScript,0.99
770,guzzle/guzzle,22387,12.0,888,53,0,PHP,0.99
771,balderdashy/sails,22384,10.95,538,40,0,JavaScript,0.92
772,neoclide/coc.nvim,22383,4.83,678,82,0,TypeScript,0.99
773,ovity/octotree,22372,8.81,249,0,0,JavaScript,0.95
774,ApolloAuto/apollo,22362,5.66,9698,11,0,C++,0.89
775,taichi-dev/taichi,22361,6.26,4566,111,0,C++,0.71
776,nicolargo/glances,22360,11.24,477,31,0,Python,0.85
777,facebookarchive/draft-js,22322,7.03,216,26,0,JavaScript,0.55
778,fouber/blog,22308,8.85,1,0,0,Unkutcnown,0.33
779,github/hub,22308,13.23,400,60,0,Go,0.88
780,eslint/eslint,22270,9.67,5420,287,0,JavaScript,0.99
781,NativeScript/NativeScript,22242,8.0,3022,133,0,TypeScript,0.86
782,pnpm/pnpm,22226,7.09,1582,819,0,TypeScript,0.67
783,sirupsen/logrus,22225,9.37,398,14,0,Go,0.99
784,keon/algorithms,22216,6.28,423,1,0,Python,0.62
785,t4t5/sweetalert,22214,8.42,84,13,0,TypeScript,0.78
786,react-navigation/react-navigation,22200,6.09,1042,1000,0,TypeScript,0.93
787,spf13/viper,22175,8.91,278,22,0,Go,0.54
788,bevyengine/bevy,22173,3.12,557,12,0,Rust,0.66
789,trpc/trpc,22170,2.62,2273,138,0,TypeScript,0.9
790,markerikson/react-redux-links,22130,7.1,62,0,0,Unkutcnown,0.58
791,google/jax,22093,4.35,6802,61,0,Python,0.73
792,microsoft/cascadia-code,22074,3.64,71,17,0,Python,0.81
793,AykutSarac/jsoncrack.com,22046,1.08,57,16,0,TypeScript,0.76
794,Tencent/wepy,22022,6.29,465,8,0,JavaScript,0.84
795,harvesthq/chosen,22002,11.87,310,34,0,HTML,0.89
796,viatsko/awesome-vscode,21989,7.06,242,0,0,JavaScript,0.57
797,qier222/YesPlayMusic,21989,2.39,245,25,0,Vue,0.73
798,rwaldron/idiomatic.js,21976,11.77,114,0,0,Unkutcnown,0.6
799,bilibili/flv.js,21958,6.8,20,15,0,JavaScript,0.43
800,eriklindernoren/ML-From-Scratch,21953,6.06,9,0,0,Python,0.54
801,facebook/flow,21948,8.34,160,284,0,OCaml,0.74
802,yeasy/docker_practice,21939,8.48,252,15,0,Go,0.99
803,schollz/croc,21922,5.37,146,138,0,Go,0.74
804,Polymer/polymer,21919,10.52,1071,115,0,HTML,0.99
805,discordjs/discord.js,21906,7.56,3818,144,0,JavaScript,0.98
806,mochajs/mocha,21898,11.98,1170,76,0,JavaScript,0.91
807,usablica/intro.js,21891,9.97,388,32,0,JavaScript,0.93
808,pbatard/rufus,21881,11.28,0,73,0,C,0.99
809,google/gson,21878,7.95,440,6,0,Java,0.81
810,localForage/localForage,21875,9.33,268,26,0,JavaScript,0.71
811,ipfs/ipfs,21875,9.05,126,0,0,Unkutcnown,0.97
812,Igglybuff/awesome-piracy,21853,4.39,182,0,0,HTML,0.46
813,geekan/HowToLiveLonger,21795,0.87,9,0,0,Unkutcnown,0.31
814,SwiftyJSON/SwiftyJSON,21792,8.7,218,21,0,Swift,0.84
815,deezer/spleeter,21780,3.43,48,2,0,Python,0.77
816,kriasoft/react-starter-kit,21770,8.87,535,5,0,TypeScript,1.0
817,codex-team/editor.js,21760,7.26,714,43,0,TypeScript,0.65
818,Lightning-AI/lightning,21734,3.92,7152,128,0,Python,0.9
819,conwnet/github1s,21734,3.71,257,34,0,TypeScript,0.72
820,wangzheng0822/algo,21733,4.43,321,0,0,Python,0.18
821,google/iosched,21724,8.91,66,2,0,Kotlin,0.77
822,Awesome-Windows/Awesome,21715,6.75,206,0,0,Unkutcnown,0.65
823,docker/awesome-compose,21713,3.04,148,0,0,HTML,0.39
824,felixrieseberg/windows95,21699,4.52,19,14,0,TypeScript,0.46
825,nextcloud/server,21656,6.74,17595,101,0,PHP,0.84
826,mpv-player/mpv,21625,10.38,1478,82,0,C,0.9
827,DrKLO/Telegram,21624,9.35,20,79,0,Java,0
828,MichaelCade/90DaysOfDevOps,21611,1.18,221,2,0,Shell,0.94
829,homebridge/homebridge,21610,8.25,299,33,0,TypeScript,0.99
830,pmndrs/react-three-fiber,21599,4.01,474,51,0,TypeScript,0.96
831,marmelab/react-admin,21584,6.63,3857,276,0,TypeScript,0.98
832,withfig/autocomplete,21577,2.42,1196,1000,0,TypeScript,0.75
833,zloirock/core-js,21554,9.62,223,220,0,JavaScript,0.97
834,OpenZeppelin/openzeppelin-contracts,21543,6.58,1656,71,0,JavaScript,0.92
835,react-bootstrap/react-bootstrap,21536,9.17,2561,49,0,TypeScript,0.96
836,envoyproxy/envoy,21532,6.56,13995,106,0,C++,0.85
837,RedisInsight/RedisDesktopManager,21522,9.57,424,87,0,C++,0.99
838,tmrts/go-patterns,21505,7.21,10,0,0,Go,0.46
839,alist-org/alist,21502,2.18,255,80,0,Go,0.94
840,pocketbase/pocketbase,21472,0.65,35,58,0,Go,0.93
841,bevacqua/dragula,21456,7.88,57,0,0,JavaScript,0.79
842,lutzroeder/netron,21454,12.18,1,3,0,JavaScript,0.97
843,1c7/chinese-independent-developer,21426,5.44,147,0,0,Unkutcnown,0.97
844,github/copilot-docs,21421,1.35,9,0,0,Unkutcnown,0
845,wsargent/docker-cheat-sheet,21394,8.57,134,0,0,Unkutcnown,0.81
846,chenglou/react-motion,21391,7.72,144,4,0,JavaScript,0.63
847,goldfire/howler.js,21375,10.09,127,24,0,JavaScript,0.78
848,sebastianruder/NLP-progress,21364,4.69,467,3,0,Python,0.66
849,jlmakes/scrollreveal,21362,9.12,32,0,0,JavaScript,0.95
850,tachiyomiorg/tachiyomi,21347,7.4,1685,74,0,Kotlin,0.94
851,elixir-lang/elixir,21334,12.14,6252,127,0,Elixir,1.0
852,apache/skywalking,21324,7.31,4009,54,0,Java,0.99
853,doocs/leetcode,21312,4.45,774,19,0,Java,1.0
854,HeroTransitions/Hero,21277,6.26,117,38,0,Swift,0.95
855,vuejs/vuepress,21247,4.9,777,21,0,JavaScript,0.75
856,jaredhanson/passport,21212,11.39,51,0,0,JavaScript,0.56
857,telegramdesktop/tdesktop,21199,8.83,1187,613,0,C++,0.94
858,nothings/stb,21191,8.77,278,0,0,C,0.88
859,mozilla/DeepSpeech,21190,6.74,1338,105,0,C++,0.95
860,python-telegram-bot/python-telegram-bot,21177,7.65,1103,102,0,Python,0.99
861,bitcoinbook/bitcoinbook,21176,9.55,436,3,0,AsciiDoc,0.81
862,notable/notable,21163,4.19,25,20,0,TypeScript,0.57
863,libgdx/libgdx,21161,10.55,2488,9,0,Java,0.94
864,zyedidia/micro,21151,6.97,571,33,0,Go,0.65
865,DesignPatternsPHP/DesignPatternsPHP,21140,11.52,278,0,0,PHP,0.99
866,pugjs/pug,21138,12.69,501,22,0,JavaScript,0.89
867,hwdsl2/setup-ipsec-vpn,21098,7.15,35,0,0,Shell,1.0
868,highlightjs/highlight.js,21098,12.16,1319,35,0,JavaScript,0.96
869,datawhalechina/pumpkin-book,21092,4.19,46,6,0,Unkutcnown,0.76
870,fish-shell/fish-shell,21054,10.81,1561,38,0,C++,0.93
871,facebookresearch/fairseq,21042,5.5,189,16,0,Python,0.79
872,openssl/openssl,21035,10.12,114,5,0,C,0.78
873,celery/celery,21021,13.85,1944,38,0,Python,0.89
874,onevcat/Kingfisher,21018,7.9,571,173,0,Swift,0.94
875,Kr328/ClashForAndroid,21012,3.29,24,90,0,Kotlin,0.89
876,v2fly/v2ray-core,21001,3.88,661,65,0,Go,0.92
877,tornadoweb/tornado,20999,13.47,878,0,0,Python,0.89
878,paularmstrong/normalizr,20977,8.53,98,26,0,JavaScript,0
879,backstage/backstage,20970,3.1,10413,222,0,TypeScript,0.91
880,trekhleb/homemade-machine-learning,20968,4.33,2,0,0,Jupyter Notebook,0.56
881,libuv/libuv,20965,9.25,769,5,0,C,0.93
882,MonitorControl/MonitorControl,20957,5.45,180,23,0,Swift,0.92
883,sdras/awesome-actions,20957,4.37,439,0,0,Unkutcnown,0.64
884,goldbergyoni/javascript-testing-best-practices,20950,3.66,146,0,0,JavaScript,0.24
885,googlehosts/hosts,20946,5.57,50,0,0,Unkutcnown,0.84
886,youzan/vant,20945,5.86,4473,220,0,TypeScript,1.0
887,penpot/penpot,20931,7.17,1650,29,0,Clojure,0.75
888,validatorjs/validator.js,20925,12.4,697,10,0,JavaScript,0.87
889,electron-react-boilerplate/electron-react-boilerplate,20921,7.79,793,58,0,TypeScript,0.98
890,firecracker-microvm/firecracker,20917,5.36,1792,59,0,Rust,0.91
891,ogham/exa,20912,8.77,225,12,0,Rust,0.7
892,tsenart/vegeta,20891,9.55,132,63,0,Go,0.78
893,taosdata/TDengine,20890,3.64,15118,89,0,C,0.78
894,freqtrade/freqtrade,20885,5.79,4037,68,0,Python,0.99
895,chubin/wttr.in,20885,7.18,256,0,0,Python,0.57
896,ossrs/srs,20872,7.84,314,40,0,C++,0.87
897,postcss/autoprefixer,20868,9.96,272,192,0,JavaScript,0.97
898,v8/v8,20850,8.43,0,0,0,C++,0
899,academic/awesome-datascience,20840,8.65,309,3,0,Unkutcnown,1.0
900,jellyfin/jellyfin,20813,4.22,3220,62,0,C#,0.81
901,TanStack/table,20809,6.36,659,188,0,TypeScript,0.97
902,gfwlist/gfwlist,20792,7.97,0,0,0,Unkutcnown,0.82
903,locustio/locust,20765,12.03,628,91,0,Python,0.99
904,logseq/logseq,20762,2.77,2194,117,0,Clojure,0.76
905,julycoding/The-Art-Of-Programming-By-July-2nd,20742,9.21,254,0,0,C,0.64
906,apache/flink,20739,8.73,7286,0,0,Java,0
907,microsoft/api-guidelines,20738,6.63,158,0,0,Unkutcnown,0.5
908,SwiftGGTeam/the-swift-programming-language-in-chinese,20729,8.74,700,1,1,CSS,0.98
909,mxgmn/WaveFunctionCollapse,20720,6.41,18,1,0,C#,0.98
910,lensapp/lens,20720,4.3,3583,248,0,TypeScript,0.73
911,ColorlibHQ/gentelella,20709,7.79,164,7,0,HTML,0.95
912,google/mediapipe,20689,3.72,32,41,0,C++,0.89
913,rancher/rancher,20688,8.31,7949,936,0,Go,0.93
914,redisson/redisson,20675,9.13,321,120,0,Java,0.92
915,robertdavidgraham/masscan,20675,9.59,82,11,0,C,0.33
916,leereilly/games,20635,11.15,192,0,0,Unkutcnown,0.33
917,git-tips/tips,20622,7.63,138,0,0,JavaScript,0.5
918,FallibleInc/security-guide-for-developers,20619,6.73,26,0,0,Unkutcnown,0.33
919,dracula/dracula-theme,20594,9.34,84,24,0,Unkutcnown,0.99
920,alibaba/Sentinel,20592,4.91,459,23,0,Java,0.75
921,necolas/react-native-web,20587,7.73,62,20,0,JavaScript,0.94
922,judasn/IntelliJ-IDEA-Tutorial,20575,7.54,40,0,0,Unkutcnown,0.99
923,dapr/dapr,20575,3.7,2558,153,0,Go,0.87
924,shieldfy/API-Security-Checklist,20543,5.65,112,0,0,Unkutcnown,0.72
925,ruanyf/es6tutorial,20503,8.86,366,0,0,JavaScript,1.0
926,aseprite/aseprite,20482,8.53,169,86,0,C++,0.59
927,MustangYM/WeChatExtension-ForMac,20474,3.85,45,48,0,Objective-C,0.51
928,refined-github/refined-github,20454,7.04,2542,102,0,TypeScript,0.96
929,directus/directus,20448,10.21,5151,251,0,TypeScript,0.97
930,google/ExoPlayer,20440,8.71,543,22,0,Java,0.93
931,rxhanson/Rectangle,20438,3.69,183,70,0,Swift,0.86
932,js-cookie/js-cookie,20424,7.95,71,34,0,JavaScript,1.0
933,Meituan-Dianping/mpvue,20414,4.98,64,19,0,JavaScript,0.75
934,JohnCoates/Aerial,20380,7.35,217,190,0,Swift,0.94
935,ChristosChristofidis/awesome-deep-learning,20363,8.16,165,0,0,Unkutcnown,0.78
936,jenkinsci/jenkins,20362,12.27,5797,242,0,Java,0
937,gchq/CyberChef,20362,6.25,375,420,0,JavaScript,0.67
938,jhipster/generator-jhipster,20360,9.36,12550,25,0,TypeScript,0.96
939,bazelbuild/bazel,20349,8.72,422,193,0,Java,0.81
940,flameshot-org/flameshot,20337,5.81,785,25,0,C++,0.81
941,kdeldycke/awesome-falsehood,20319,6.48,87,0,0,Unkutcnown,0.96
942,camsong/You-Dont-Need-jQuery,20293,7.27,165,1,0,JavaScript,0.97
943,WeNeedHome/SummaryOfLoanSuspension,20285,0.64,279,0,0,HTML,0
944,forem/forem,20271,6.29,11868,0,0,Ruby,0.89
945,apache/mxnet,20269,7.84,8838,34,0,C++,0.81
946,iawia002/lux,20265,5.01,255,75,0,Go,0.54
947,petkaantonov/bluebird,20256,9.48,292,123,0,JavaScript,0.94
948,futurice/android-best-practices,20245,8.59,80,0,0,Unkutcnown,0.73
949,avajs/ava,20240,8.28,1012,93,0,JavaScript,0.95
950,zhaoolee/ChromeAppHeroes,20229,4.06,7,0,0,JavaScript,0.69
951,Seldaek/monolog,20201,12.03,663,64,0,PHP,0.98
952,javascript-tutorial/en.javascript.info,20195,5.74,1897,0,0,HTML,0.87
953,SamyPesse/How-to-Make-a-Computer-Operating-System,20195,9.25,42,1,0,C,0.39
954,winstonjs/winston,20187,12.17,497,17,0,JavaScript,0.7
955,vnpy/vnpy,20187,8.0,997,55,0,Python,0.99
956,ziglang/zig,20180,7.57,5373,14,0,Zig,0.74
957,ai/nanoid,20150,5.57,165,1,0,JavaScript,0.98
958,PostgREST/postgrest,20121,8.72,878,52,0,Haskell,0.88
959,go-micro/go-micro,20103,8.13,1343,318,0,Go,0.93
960,go-delve/delve,20102,8.78,1421,23,0,Go,0.93
961,norvig/pytudes,20091,6.0,53,0,0,Jupyter Notebook,0.53
962,eligrey/FileSaver.js,20088,11.63,67,14,0,JavaScript,0.75
963,changkun/modern-cpp-tutorial,20086,6.53,104,3,0,C++,0.96
964,go-kratos/kratos,20076,4.14,1190,57,0,Go,0.9
965,benweet/stackedit,20062,9.94,35,13,0,JavaScript,0.6
966,zadam/trilium,20054,5.77,153,259,0,JavaScript,0.74
967,parse-community/parse-server,20050,7.09,3186,238,0,JavaScript,0.93
968,BradLarson/GPUImage,20049,11.04,241,3,1,Objective-C,0.59
969,osquery/osquery,20038,8.59,4076,123,0,C++,0.83
970,ruby/ruby,19998,13.0,3866,4,0,Ruby,0
971,google/flatbuffers,19986,8.78,1702,31,0,C++,0.92
972,ReactiveCocoa/ReactiveCocoa,19978,11.0,1348,83,0,Swift,1.0
973,drduh/macOS-Security-and-Privacy-Guide,19971,7.5,140,0,0,Python,0.95
974,enzymejs/enzyme,19966,7.3,646,0,0,JavaScript,0.85
975,requarks/wiki,19953,6.54,348,112,0,Vue,0.98
976,vadimdemedes/ink,19943,5.72,170,44,0,TypeScript,0.76
977,derailed/k9s,19933,4.1,324,194,0,Go,0.74
978,SergioBenitez/Rocket,19932,6.95,14,53,0,Rust,0.92
979,jumpserver/jumpserver,19898,8.66,4451,157,0,Python,0.97
980,shimohq/chinese-programmer-wrong-pronunciation,19829,6.04,125,0,0,JavaScript,0.5
981,urfave/cli,19822,9.63,712,111,0,Go,0.95
982,chalk/chalk,19811,9.58,100,26,0,JavaScript,0.99
983,Homebrew/homebrew-cask,19807,10.99,104747,81,0,Ruby,1.0
984,jquense/yup,19794,8.44,288,11,0,TypeScript,0.94
985,recharts/recharts,19790,7.56,545,19,0,TypeScript,0.83
986,verekia/js-stack-from-scratch,19786,6.41,55,1,0,JavaScript,0.75
987,pytorch/examples,19774,6.52,363,0,0,Python,0.75
988,vercel/turbo,19774,1.4,1989,174,0,Rust,0.64
989,ReactiveX/RxAndroid,19771,8.53,177,20,0,Java,1.0
990,facebookarchive/pop,19749,8.92,100,3,1,Objective-C++,0.82
991,hapijs/joi,19730,10.45,433,0,0,JavaScript,0.94
992,xi-editor/xi-editor,19724,6.84,669,0,0,Rust,0.75
993,termux/termux-app,19715,7.35,133,89,0,Java,0.87
994,Molunerfinn/PicGo,19702,5.22,15,47,0,TypeScript,0.98
995,tipsy/profile-summary-for-github,19698,5.22,26,0,3,Vue,0.81
996,FredKSchott/snowpack,19694,4.01,1203,83,0,JavaScript,0.62
997,PaddlePaddle/Paddle,19690,6.54,25552,58,0,C++,0.94
998,facebook/zstd,19661,8.1,2054,65,0,C,0.92
999,Asabeneh/30-Days-Of-Python,19655,3.28,42,0,0,Python,0.33
1000,SpaceVim/SpaceVim,19642,6.18,2257,21,0,Lua,0.98
